id,name
A4D1S5,RAB19
A5D6W6,FITM1
A5PLL7,TMEM189
A5X5Y0,HTR3E
A6BM72,MEGF11
A6ND48,OR14I1
A6NF89,OR6C6
A6NHA9,OR4C46
A6NI73,LILRA5
A6NM76,OR6C76
A6NMS3,OR5K4
A6NND4,OR2AT4
A8K7I4,CLCA1
A8MQT2,GOLGA8B
A8MVW5,HEPACAM2
B0I1T2,MYO1G
O00155,GPR25
O00161,SNAP23
O00168,FXYD1
O00203,AP3B1
O00206,TLR4
O00212,RHOD
O00220,TNFRSF10A
O00237,RNF103
O00254,F2RL2
O00270,GPR31
O00294,TULP1
O00322,UPK1A
O00337,SLC28A1
O00341,SLC1A7
O00398,P2RY10
O00408,PDE2A
O00421,CCRL2
O00429,DNM1L
O00461,GOLIM4
O00469,PLOD2
O00476,SLC17A3
O00483,NDUFA4
O00522,KRIT1
O00548,DLL1
O00555,CACNA1A
O00560,SDCBP
O00562,PITPNM1
O00574,CXCR6
O00591,GABRP
O00623,PEX12
O00624,SLC17A2
O14520,AQP7
O14521,SDHD
O14522,PTPRT
O14526,FCHO1
O14579,COPE
O14610,GNGT2
O14613,CDC42EP2
O14617,AP3D1
O14626,GPR171
O14640,DVL1
O14641,DVL2
O14654,IRS4
O14669,PRRG2
O14672,ADAM10
O14678,ABCD4
O14681,EI24
O14684,PTGES
O14745,SLC9A3R1
O14756,HSD17B6
O14763,TNFRSF10B
O14764,GABRD
O14786,NRP1
O14788,TNFSF11
O14804,TAAR5
O14807,MRAS
O14817,TSPAN4
O14827,RASGRF2
O14828,SCAMP3
O14842,FFAR1
O14894,TM4SF5
O14907,TAX1BP3
O14908,GIPC1
O14910,LIN7A
O14931,NCR3
O14944,EREG
O14964,HGS
O14967,CLGN
O14975,SLC27A2
O14994,SYN3
O15027,SEC16A
O15031,PLXNB2
O15049,N4BP3
O15118,NPC1
O15121,DEGS1
O15127,SCAMP2
O15162,PLSCR1
O15197,EPHB6
O15218,GPR182
O15228,GNPAT
O15229,KMO
O15245,SLC22A1
O15258,RER1
O15260,SURF4
O15303,GRM6
O15321,TM9SF1
O15354,GPR37
O15357,INPPL1
O15374,SLC16A4
O15375,SLC16A5
O15389,SIGLEC5
O15393,TMPRSS2
O15394,NCAM2
O15399,GRIN2D
O15403,SLC16A6
O15427,SLC16A3
O15431,SLC31A1
O15438,ABCC3
O15439,ABCC4
O15440,ABCC5
O15455,TLR3
O15498,YKT6
O15503,INSIG1
O15530,PDPK1
O15547,P2RX6
O15552,FFAR2
O43150,ASAP2
O43157,PLXNB1
O43164,PJA2
O43174,CYP26A1
O43181,NDUFS4
O43184,ADAM12
O43193,MLNR
O43194,GPR39
O43264,ZW10
O43283,MAP3K13
O43286,B4GALT5
O43292,GPAA1
O43300,LRRTM2
O43306,ADCY6
O43315,AQP9
O43318,MAP3K7
O43374,RASA4
O43427,FIBP
O43493,TGOLN2
O43497,CACNA1G
O43506,ADAM20
O43525,KCNQ3
O43526,KCNQ2
O43557,TNFSF14
O43559,FRS3
O43570,CA12
O43603,GALR2
O43609,SPRY1
O43610,SPRY3
O43613,HCRTR1
O43614,HCRTR2
O43633,CHMP2A
O43653,PSCA
O43657,TSPAN6
O43678,NDUFA2
O43731,KDELR3
O43747,AP1G1
O43749,OR1F1
O43759,SYNGR1
O43760,SYNGR2
O43761,SYNGR3
O43772,SLC25A20
O43808,SLC25A17
O43813,LANCL1
O43861,ATP9B
O43868,SLC28A2
O43869,OR2T1
O43889,CREB3
O43895,XPNPEP2
O43909,EXTL3
O43914,TYROBP
O60220,TIMM8A
O60235,TMPRSS11D
O60266,ADCY3
O60279,SUSD5
O60312,ATP10A
O60331,PIP5K1C
O60353,FZD6
O60423,ATP8B3
O60431,OR1I1
O60462,NRP2
O60476,MAN1A2
O60503,ADCY9
O60512,B4GALT3
O60513,B4GALT4
O60568,PLOD3
O60609,GFRA3
O60641,SNAP91
O60664,PLIN3
O60669,SLC16A7
O60721,SLC24A1
O60725,ICMT
O60733,PLA2G6
O60741,HCN1
O60749,SNX2
O60755,GALR3
O60779,SLC19A2
O60830,TIMM17B
O60840,CACNA1F
O60883,GPR37L1
O60894,RAMP1
O60895,RAMP2
O60896,RAMP3
O60906,SMPD2
O60909,B4GALT2
O60928,KCNJ13
O60931,CTNS
O60939,SCN2B
O75015,FCGR3B
O75023,LILRB5
O75056,SDC3
O75063,FAM20B
O75078,ADAM11
O75106,AOC2
O75154,RAB11FIP3
O75192,PEX11A
O75197,LRP5
O75204,TMEM127
O75306,NDUFS2
O75311,GLRA3
O75326,SEMA7A
O75351,VPS4B
O75354,ENTPD6
O75380,NDUFS6
O75381,PEX14
O75388,GPR32
O75436,VPS26A
O75443,TECTA
O75445,USH2A
O75460,ERN1
O75473,LGR5
O75477,ERLIN1
O75487,GPC4
O75508,CLDN11
O75575,CRCP
O75578,ITGA10
O75616,ERAL1
O75674,TOM1L1
O75694,NUP155
O75695,RP2
O75712,GJB3
O75746,SLC25A12
O75751,SLC22A3
O75752,B3GALNT1
O75781,PALM
O75783,RHBDL1
O75841,UPK1B
O75843,AP1G2
O75844,ZMPSTE24
O75871,CEACAM4
O75881,CYP7B1
O75882,ATRN
O75886,STAM2
O75899,GABBR2
O75900,MMP23B
O75908,SOAT2
O75916,RGS9
O75923,DYSF
O75955,FLOT1
O75970,MPDZ
O76002,OR2J2
O76024,WFS1
O76038,SCGN
O76062,TM7SF2
O76081,RGS20
O76082,SLC22A5
O76099,OR7C1
O94759,TRPM2
O94766,B3GAT3
O94777,DPM2
O94778,AQP8
O94804,STK10
O94823,ATP10B
O94850,DDN
O94856,NFASC
O94898,LRIG2
O94921,CDK14
O94956,SLCO2B1
O94973,AP2A2
O94979,SEC31A
O94985,CLSTN1
O95007,OR6B1
O95047,OR2A4
O95049,TJP3
O95070,YIF1A
O95140,MFN2
O95178,NDUFB2
O95180,CACNA1H
O95182,NDUFA7
O95197,RTN3
O95219,SNX4
O95221,OR5F1
O95222,OR6A2
O95259,KCNH1
O95264,HTR3B
O95267,RASGRP1
O95271,TNKS
O95274,LYPD3
O95295,SNAPIN
O95371,OR2C1
O95377,GJB5
O95425,SVIL
O95436,SLC34A2
O95452,GJB6
O95466,FMNL1
O95471,CLDN7
O95477,ABCA1
O95500,CLDN14
O95528,SLC2A10
O95563,MPC2
O95622,ADCY5
O95630,STAMBP
O95661,DIRAS3
O95665,NTSR2
O95674,CDS2
O95721,SNAP29
O95754,SEMA4F
O95755,RAB36
O95772,STARD3NL
O95782,AP2A1
O95800,GPR75
O95838,GLP2R
O95847,SLC25A27
O95867,LY6G6C
O95907,SLC16A8
O95971,CD160
O95977,S1PR4
O95980,RECK
O95996,APC2
O96000,NDUFB10
O96008,TOMM40
O96024,B3GALT4
P00387,CYB5R3
P00519,ABL1
P00533,EGFR
P00813,ADA
P01116,KRAS
P01130,LDLR
P01133,EGF
P01135,TGFA
P01375,TNF
P01589,IL2RA
P01730,CD4
P01732,CD8A
P01833,PIGR
P01903,HLA-DRA
P01906,HLA-DQA2
P02686,MBP
P02708,CHRNA1
P02724,GYPA
P02730,SLC4A1
P02748,C9
P02786,TFRC
P03372,ESR1
P03999,OPN1SW
P04001,OPN1MW
P04035,HMGCR
P04062,GBA
P04201,MAS1
P04234,CD3D
P04440,HLA-DPB1
P04626,ERBB2
P04629,NTRK1
P04839,CYBB
P04843,RPN1
P04920,SLC4A2
P05026,ATP1B1
P05067,APP
P05106,ITGB3
P05107,ITGB2
P05109,S100A8
P05177,CYP1A2
P05181,CYP2E1
P05186,ALPL
P05187,ALPP
P05362,ICAM1
P05556,ITGB1
P05981,HPN
P06126,CD1A
P06127,CD5
P06213,INSR
P06239,LCK
P06340,HLA-DOA
P06702,S100A9
P06703,S100A6
P06729,CD2
P06731,CEACAM5
P06734,FCER2
P06756,ITGAV
P07099,EPHX1
P07202,TPO
P07204,THBD
P07306,ASGR1
P07307,ASGR2
P07332,FES
P07333,CSF1R
P07357,C8A
P07359,GP1BA
P07510,CHRNG
P07550,ADRB2
P07766,CD3E
P07911,UMOD
P07949,RET
P08034,GJB1
P08100,RHO
P08138,NGFR
P08172,CHRM2
P08173,CHRM4
P08174,CD55
P08195,SLC3A2
P08235,NR3C2
P08247,SYP
P08473,MME
P08514,ITGA2B
P08571,CD14
P08575,PTPRC
P08581,MET
P08588,ADRB1
P08631,HCK
P08648,ITGA5
P08686,CYP21A2
P08887,IL6R
P08908,HTR1A
P08913,ADRA2A
P08962,CD63
P09172,DBH
P09326,CD48
P09496,CLTA
P09497,CLTB
P09543,CNP
P09564,CD7
P09619,PDGFRB
P09693,CD3G
P09758,TACSTD2
P09769,FGR
P09848,LCT
P09917,ALOX5
P09936,UCHL1
P09958,FURIN
P0C869,PLA2G4B
P0CG37,CFC1
P10114,RAP2A
P10301,RRAS
P10321,HLA-C
P10586,PTPRF
P10635,CYP2D6
P10636,MAPT
P10721,KIT
P10747,CD28
P10909,CLU
P10912,GHR
P11049,CD37
P11168,SLC2A2
P11215,ITGAM
P11229,CHRM1
P11230,CHRNB1
P11233,RALA
P11279,LAMP1
P11362,FGFR1
P11509,CYP2A6
P11511,CYP19A1
P11532,DMD
P11712,CYP2C9
P11717,IGF2R
P11801,PSKH1
P11836,MS4A1
P11912,CD79A
P12110,COL6A2
P12270,TPR
P12314,FCGR1A
P12318,FCGR2A
P12821,ACE
P12830,CDH1
P13224,GP1BB
P13385,TDGF1
P13473,LAMP2
P13569,CFTR
P13584,CYP4B1
P13591,NCAM1
P13612,ITGA4
P13688,CEACAM1
P13726,F3
P13765,HLA-DOB
P13796,LCP1
P13866,SLC5A1
P13945,ADRB3
P13987,CD59
P14151,SELL
P14222,PRF1
P14317,HCLS1
P14384,CPM
P14410,SI
P14415,ATP1B2
P14416,DRD2
P14555,PLA2G2A
P14616,INSRR
P14672,SLC2A4
P14679,TYR
P14770,GP9
P14778,IL1R1
P14784,IL2RB
P14923,JUP
P15144,ANPEP
P15151,PVR
P15260,IFNGR1
P15291,B4GALT1
P15309,ACPP
P15311,EZR
P15313,ATP6V1B1
P15328,FOLR1
P15382,KCNE1
P15391,CD19
P15421,GYPE
P15509,CSF2RA
P15529,CD46
P15812,CD1E
P15813,CD1D
P15907,ST6GAL1
P15941,MUC1
P16066,NPR1
P16070,CD44
P16109,SELP
P16144,ITGB4
P16150,SPN
P16234,PDGFRA
P16410,CTLA4
P16422,EPCAM
P16444,DPEP1
P16452,EPB42
P16471,PRLR
P16473,TSHR
P16499,PDE6A
P16581,SELE
P16591,FER
P16671,CD36
P16871,IL7R
P17152,TMEM11
P17181,IFNAR1
P17252,PRKCA
P17301,ITGA2
P17302,GJA1
P17342,NPR3
P17540,CKMT2
P17658,KCNA6
P17677,GAP43
P17787,CHRNB2
P17813,ENG
P17948,FLT1
P18031,PTPN1
P18084,ITGB5
P18206,VCL
P18405,SRD5A1
P18433,PTPRA
P18505,GABRB1
P18564,ITGB6
P18577,RHCE
P18627,LAG3
P18825,ADRA2C
P18827,SDC1
P18850,ATF6
P19021,PAM
P19022,CDH2
P19075,TSPAN8
P19235,EPOR
P19256,CD58
P19320,VCAM1
P19397,CD53
P19438,TNFRSF1A
P19440,GGT1
P19526,FUT1
P19634,SLC9A1
P20020,ATP2B1
P20023,CR2
P20036,HLA-DPA1
P20138,CD33
P20273,CD22
P20292,ALOX5AP
P20309,CHRM3
P20333,TNFRSF1B
P20591,MX1
P20594,NPR2
P20645,M6PR
P20648,ATP4A
P20700,LMNB1
P20701,ITGAL
P20702,ITGAX
P20813,CYP2B6
P20827,EFNA1
P20963,CD247
P21145,MAL
P21439,ABCB4
P21452,TACR2
P21453,S1PR1
P21462,FPR1
P21554,CNR1
P21583,KITLG
P21589,NT5E
P21709,EPHA1
P21730,C5AR1
P21731,TBXA2R
P21754,ZP3
P21757,MSR1
P21817,RYR1
P21854,CD72
P21860,ERBB3
P21912,SDHB
P21917,DRD4
P21918,DRD5
P21926,CD9
P21964,COMT
P22001,KCNA3
P22059,OSBP
P22083,FUT4
P22223,CDH3
P22303,ACHE
P22455,FGFR4
P22459,KCNA4
P22460,KCNA5
P22607,FGFR3
P22680,CYP7A1
P22695,UQCRC2
P22732,SLC2A5
P22735,TGM1
P22748,CA4
P22760,AADAC
P22794,EVI2A
P22830,FECH
P22888,LHCGR
P22897,MRC1
P23219,PTGS1
P23276,KEL
P23415,GLRA1
P23458,JAK1
P23468,PTPRD
P23469,PTPRE
P23471,PTPRZ1
P23510,TNFSF4
P23515,OMG
P23528,CFL1
P23786,CPT2
P23942,PRPH2
P23945,FSHR
P23975,SLC6A2
P24046,GABRR1
P24071,FCAR
P24394,IL4R
P24530,EDNRB
P24557,TBXAS1
P24588,AKAP5
P24903,CYP2F1
P25021,HRH2
P25025,CXCR2
P25089,FPR3
P25092,GUCY2C
P25100,ADRA1D
P25101,EDNRA
P25103,TACR1
P25105,PTAFR
P25116,F2R
P25189,MPZ
P25445,FAS
P25874,UCP1
P25929,NPY1R
P25942,CD40
P26006,ITGA3
P26010,ITGB7
P26012,ITGB8
P26045,PTPN3
P26232,CTNNA2
P26572,MGAT1
P26715,KLRC1
P26718,KLRK1
P26842,CD27
P26951,IL3RA
P26992,CNTFR
P27037,ACVR2A
P27105,STOM
P27448,MARK3
P27449,ATP6V0C
P27487,DPP4
P27701,CD82
P27815,PDE4A
P27824,CANX
P27930,IL1R2
P28067,HLA-DMA
P28068,HLA-DMB
P28221,HTR1D
P28222,HTR1B
P28288,ABCD3
P28328,PEX2
P28335,HTR2C
P28336,NMBR
P28476,GABRR2
P28566,HTR1E
P28676,GCA
P28827,PTPRM
P28845,HSD11B1
P28906,CD34
P28907,CD38
P28908,TNFRSF8
P29016,CD1B
P29017,CD1C
P29074,PTPN4
P29274,ADORA2A
P29275,ADORA2B
P29317,EPHA2
P29320,EPHA3
P29323,EPHB2
P29371,TACR3
P29376,LTK
P29475,NOS1
P29590,PML
P29965,CD40LG
P29972,AQP1
P29973,CNGA1
P30203,CD6
P30273,FCER1G
P30408,TM4SF1
P30411,BDKRB2
P30414,NKTR
P30518,AVPR2
P30530,AXL
P30531,SLC6A1
P30532,CHRNA5
P30536,TSPO
P30542,ADORA1
P30550,GRPR
P30556,AGTR1
P30559,OXTR
P30622,CLIP1
P30626,SRI
P30825,SLC7A1
P30872,SSTR1
P30874,SSTR2
P30926,CHRNB4
P30939,HTR1F
P30968,GNRHR
P30989,NTSR1
P31040,SDHA
P31358,CD52
P31391,SSTR4
P31431,SDC4
P31639,SLC5A2
P31644,GABRA5
P31645,SLC6A4
P31751,AKT2
P31994,FCGR2B
P32004,L1CAM
P32019,INPP5B
P32189,GK
P32238,CCKAR
P32239,CCKBR
P32241,VIPR1
P32245,MC4R
P32246,CCR1
P32247,BRS3
P32248,CCR7
P32249,GPR183
P32297,CHRNA3
P32302,CXCR5
P32418,SLC8A1
P32455,GBP1
P32927,CSF2RB
P32942,ICAM3
P32970,CD70
P32971,TNFSF8
P33032,MC5R
P33241,LSP1
P33527,ABCC1
P33681,CD80
P33765,ADORA3
P33897,ABCD1
P33908,MAN1A1
P34741,SDC2
P34810,CD68
P34903,GABRA3
P34910,EVI2B
P34947,GRK5
P34969,HTR7
P34972,CNR2
P34981,TRHR
P34982,OR1D2
P34995,PTGER1
P34998,CRHR1
P35052,GPC1
P35212,GJA4
P35240,NF2
P35346,SSTR5
P35348,ADRA1A
P35354,PTGS2
P35368,ADRA1B
P35372,OPRM1
P35408,PTGER4
P35410,MAS1L
P35414,APLNR
P35462,DRD3
P35498,SCN1A
P35499,SCN4A
P35523,CLCN1
P35575,G6PC
P35590,TIE1
P35606,COPB2
P35610,SOAT1
P35611,ADD1
P35612,ADD2
P35613,BSG
P35916,FLT4
P35968,KDR
P36382,GJA5
P36383,GJC1
P36405,ARL3
P36544,CHRNA7
P36888,FLT3
P36894,BMPR1A
P36897,TGFBR1
P36941,LTBR
P36956,SREBF1
P37088,SCNN1A
P37173,TGFBR2
P37268,FDFT1
P37288,AVPR1A
P38435,GGCX
P38484,IFNGR2
P38567,SPAM1
P38570,ITGAE
P39086,GRIK1
P39210,MPV17
P39656,DDOST
P40126,DCT
P40145,ADCY8
P40189,IL6ST
P40197,GP5
P40198,CEACAM3
P40200,CD96
P40238,MPL
P40259,CD79B
P40337,VHL
P40616,ARL1
P40818,USP8
P40855,PEX19
P40879,SLC26A3
P40967,PMEL
P41143,OPRD1
P41145,OPRK1
P41146,OPRL1
P41180,CASR
P41181,AQP2
P41217,CD200
P41231,P2RY2
P41273,TNFSF9
P41440,SLC19A1
P41586,ADCYAP1R1
P41587,VIPR2
P41594,GRM5
P41595,HTR2B
P41597,CCR2
P41732,TSPAN7
P41968,MC3R
P42081,CD86
P42261,GRIA1
P42345,MTOR
P42566,EPS15
P42680,TEC
P42681,TXK
P42701,IL12RB1
P42702,LIFR
P42892,ECE1
P43003,SLC1A3
P43004,SLC1A2
P43005,SLC1A1
P43007,SLC1A4
P43080,GUCA1A
P43088,PTGFR
P43116,PTGER2
P43119,PTGIR
P43121,MCAM
P43146,DCC
P43155,CRAT
P43220,GLP1R
P43307,SSR1
P43308,SSR2
P43403,ZAP70
P43489,TNFRSF4
P43630,KIR3DL2
P43657,LPAR6
P43681,CHRNA4
P45844,ABCG1
P46019,PHKA2
P46020,PHKA1
P46059,SLC15A1
P46060,RANGAP1
P46089,GPR3
P46092,CCR10
P46093,GPR4
P46094,XCR1
P46663,BDKRB1
P46695,IER3
P46721,SLCO1A2
P46939,UTRN
P46977,STT3A
P47211,GALR1
P47736,RAP1GAP
P47804,RGR
P47870,GABRB2
P47871,GCGR
P47872,SCTR
P47887,OR1E2
P47888,OR3A3
P47890,OR1G1
P47898,HTR5A
P47900,P2RY1
P47901,AVPR1B
P48023,FASLG
P48029,SLC6A8
P48039,MTNR1A
P48048,KCNJ1
P48050,KCNJ4
P48058,GRIA4
P48065,SLC6A12
P48066,SLC6A11
P48067,SLC6A9
P48145,NPBWR1
P48146,NPBWR2
P48165,GJA8
P48167,GLRB
P48169,GABRA4
P48230,TM4SF4
P48357,LEPR
P48444,ARCN1
P48449,LSS
P48509,CD151
P48544,KCNJ5
P48546,GIPR
P48549,KCNJ3
P48551,IFNAR2
P48664,SLC1A6
P48751,SLC4A3
P48764,SLC9A3
P49069,CAMLG
P49146,NPY2R
P49190,PTH2R
P49238,CX3CR1
P49257,LMAN1
P49281,SLC11A2
P49286,MTNR1B
P49418,AMPH
P49447,CYB561
P49682,CXCR3
P49683,PRLHR
P49685,GPR15
P49755,TMED10
P49757,NUMB
P49758,RGS6
P49768,PSEN1
P49771,FLT3LG
P49795,RGS19
P49810,PSEN2
P49815,TSC2
P49821,NDUFV1
P49901,SMCP
P50052,AGTR2
P50150,GNG4
P50151,GNG10
P50336,PPOX
P50391,NPY4R
P50406,HTR6
P50416,CPT1A
P50440,GATM
P50443,SLC26A2
P50542,PEX5
P50607,TUB
P50895,BCAM
P51148,RAB5C
P51153,RAB13
P51157,RAB28
P51159,RAB27A
P51160,PDE6C
P51164,ATP4B
P51168,SCNN1B
P51170,SCNN1G
P51172,SCNN1D
P51511,MMP15
P51512,MMP16
P51571,SSR4
P51572,BCAP31
P51575,P2RX1
P51582,P2RY4
P51589,CYP2J2
P51636,CAV2
P51654,GPC3
P51677,CCR3
P51679,CCR4
P51681,CCR5
P51684,CCR6
P51685,CCR8
P51686,CCR9
P51693,APLP1
P51787,KCNQ1
P51788,CLCN2
P51790,CLCN3
P51797,CLCN6
P51800,CLCNKA
P51810,GPR143
P51828,ADCY7
P51841,GUCY2F
P52569,SLC7A2
P52797,EFNA3
P52803,EFNA5
P52848,NDST1
P52948,NUP98
P52961,ART1
P53007,SLC25A1
P53618,COPB1
P53621,COPA
P53680,AP2S1
P53708,ITGA8
P53779,MAPK10
P53794,SLC5A3
P53985,SLC16A1
P54219,SLC18A1
P54578,USP14
P54707,ATP12A
P54709,ATP1B3
P54753,EPHB3
P54760,EPHB4
P54849,EMP1
P54851,EMP2
P54852,EMP3
P54920,NAPA
P55008,AIF1
P55011,SLC12A2
P55017,SLC12A3
P55040,GEM
P55061,TMBIM6
P55064,AQP5
P55085,F2RL1
P55087,AQP4
P55283,CDH4
P55285,CDH6
P55286,CDH8
P55287,CDH11
P55290,CDH13
P55291,CDH15
P55344,LIM2
P55735,SEC13
P55808,XG
P55851,UCP2
P56181,NDUFV3
P56199,ITGA1
P56373,P2RX3
P56589,PEX3
P56696,KCNQ4
P56746,CLDN15
P56748,CLDN8
P56749,CLDN12
P56750,CLDN17
P56817,BACE1
P56856,CLDN18
P56880,CLDN20
P56975,NRG3
P57103,SLC8A3
P57727,TMPRSS3
P57729,RAB38
P57735,RAB25
P57768,SNX16
P58182,OR12D2
P58335,ANTXR2
P59190,RAB15
P59534,TAS2R39
P59535,TAS2R40
P59536,TAS2R41
P59538,TAS2R31
P59542,TAS2R19
P59551,TAS2R60
P59901,LILRA4
P60033,CD81
P60852,ZP1
P60880,SNAP25
P61006,RAB8A
P61018,RAB4B
P61019,RAB2A
P61026,RAB10
P61073,CXCR4
P61077,UBE2D3
P61106,RAB14
P61587,RND3
P61619,SEC61A1
P61764,STXBP1
P61952,GNG11
P61966,AP1S1
P62070,RRAS2
P62072,TIMM10
P62166,NCS1
P62330,ARF6
P62745,RHOB
P62834,RAP1A
P63000,RAC1
P63211,GNGT1
P63215,GNG3
P63218,GNG5
P63241,EIF5A
P78310,CXADR
P78324,SIRPA
P78329,CYP4F2
P78333,GPC5
P78334,GABRE
P78352,DLG4
P78363,ABCA4
P78369,CLDN10
P78380,OLR1
P78381,SLC35A2
P78382,SLC35A1
P78423,CX3CL1
P78504,JAG1
P78536,ADAM17
P78552,IL13RA1
P79483,HLA-DRB3
P80303,NUCB2
P80370,DLK1
P80723,BASP1
P82279,CRB1
P83436,COG7
P98153,DGCR2
P98155,VLDLR
P98161,PKD1
P98172,EFNB1
P98194,ATP2C1
P98196,ATP11A
P98198,ATP8B2
Q00013,MPP1
Q00325,SLC25A3
Q00535,CDK5
Q00587,CDC42EP1
Q00610,CLTC
Q00796,SORD
Q00973,B4GALNT1
Q01082,SPTBN1
Q01113,IL9R
Q01118,SCN7A
Q01151,CD83
Q01344,IL5RA
Q01362,MS4A2
Q01453,PMP22
Q01628,IFITM3
Q01638,IL1RL1
Q01650,SLC7A5
Q01668,CACNA1D
Q01718,MC2R
Q01814,ATP2B2
Q01959,SLC6A3
Q01970,PLCB3
Q01973,ROR1
Q01974,ROR2
Q02094,RHAG
Q02246,CNTN2
Q02297,NRG1
Q02487,DSC2
Q02641,CACNB1
Q02643,GHRHR
Q02742,GCNT1
Q02763,TEK
Q02809,PLOD1
Q02818,NUCB1
Q02846,GUCY2D
Q02928,CYP4A11
Q02978,SLC25A11
Q03113,GNA12
Q03135,CAV1
Q03252,LMNB2
Q03395,ROM1
Q03405,PLAUR
Q03431,PTH1R
Q03518,TAP1
Q03519,TAP2
Q03721,KCNC4
Q04609,FOLH1
Q04656,ATP7A
Q04671,OCA2
Q04721,NOTCH2
Q04759,PRKCQ
Q04771,ACVR1
Q04900,CD164
Q04912,MST1R
Q04941,PLP2
Q05329,GAD2
Q05397,PTK2
Q05655,PRKCD
Q05901,CHRNB3
Q05996,ZP2
Q06136,KDSR
Q06187,BTK
Q06418,TYRO3
Q06432,CACNG1
Q06495,SLC34A1
Q07001,CHRND
Q07011,TNFRSF9
Q07065,CKAP4
Q07075,ENPEP
Q07108,CD69
Q07157,TJP1
Q07444,KLRC3
Q07699,SCN1B
Q07912,TNK2
Q07954,LRP1
Q08289,CACNB2
Q08334,IL10RB
Q08345,DDR1
Q08357,SLC20A2
Q08378,GOLGA3
Q08431,MFGE8
Q08462,ADCY2
Q08554,DSC1
Q08722,CD47
Q08828,ADCY1
Q09327,MGAT3
Q09328,MGAT5
Q09428,ABCC8
Q0JRZ9,FCHO2
Q0VAF6,SYCN
Q0VD83,APOBR
Q10469,MGAT2
Q10471,GALNT2
Q10472,GALNT1
Q10567,AP1B1
Q10588,BST1
Q10589,BST2
Q10981,FUT2
Q11128,FUT5
Q11130,FUT7
Q11201,ST3GAL1
Q11203,ST3GAL3
Q11206,ST3GAL4
Q12772,SREBF2
Q12791,KCNMA1
Q12797,ASPH
Q12809,KCNH2
Q12836,ZP4
Q12860,CNTN1
Q12879,GRIN2A
Q12884,FAP
Q12887,COX10
Q12891,HYAL2
Q12907,LMAN2
Q12908,SLC10A2
Q12913,PTPRJ
Q12999,TSPAN31
Q13003,GRIK3
Q13017,ARHGAP5
Q13177,PAK2
Q13237,PRKG2
Q13241,KLRD1
Q13255,GRM1
Q13261,IL15RA
Q13286,CLN3
Q13291,SLAMF1
Q13304,GPR17
Q13308,PTK7
Q13319,CDK5R2
Q13332,PTPRS
Q13336,SLC14A1
Q13349,ITGAD
Q13367,AP3B2
Q13393,PLD1
Q13410,BTN1A1
Q13418,ILK
Q13421,MSLN
Q13423,NNT
Q13424,SNTA1
Q13425,SNTB2
Q13433,SLC39A6
Q13439,GOLGA4
Q13444,ADAM15
Q13445,TMED1
Q13449,LSAMP
Q13464,ROCK1
Q13470,TNK1
Q13477,MADCAM1
Q13478,IL18R1
Q13496,MTM1
Q13507,TRPC3
Q13508,ART3
Q13554,CAMK2B
Q13555,CAMK2G
Q13557,CAMK2D
Q13561,DCTN2
Q13571,LAPTM5
Q13585,GPR50
Q13586,STIM1
Q13591,SEMA5A
Q13596,SNX1
Q13606,OR5I1
Q13613,MTMR1
Q13614,MTMR2
Q13615,MTMR3
Q13621,SLC12A1
Q13634,CDH18
Q13635,PTCH1
Q13636,RAB31
Q13639,HTR4
Q13651,IL10RA
Q13683,ITGA7
Q13698,CACNA1S
Q13702,RAPSN
Q13724,MOGS
Q13733,ATP1A4
Q13740,ALCAM
Q13797,ITGA9
Q13873,BMPR2
Q13884,SNTB1
Q13936,CACNA1C
Q14028,CNGB1
Q14088,RAB33A
Q14108,SCARB2
Q14118,DAG1
Q14126,DSG2
Q14160,SCRIB
Q14210,LY6D
Q14242,SELPLG
Q14254,FLOT2
Q14289,PTK2B
Q14315,FLNC
Q14330,GPR18
Q14344,GNA13
Q14392,LRRC32
Q14416,GRM2
Q14435,GALNT3
Q14439,GPR176
Q14449,GRB14
Q14451,GRB7
Q14457,BECN1
Q14494,NFE2L1
Q14500,KCNJ12
Q14512,FGFBP1
Q14517,FAT1
Q14524,SCN5A
Q14534,SQLE
Q14542,SLC29A2
Q14571,ITPR2
Q14573,ITPR3
Q14574,DSC3
Q14623,IHH
Q14626,IL11RA
Q14627,IL13RA2
Q14642,INPP5A
Q14654,KCNJ11
Q14677,CLINT1
Q14680,MELK
Q14699,RFTN1
Q14703,MBTPS1
Q14721,KCNB1
Q14739,LBR
Q14746,COG2
Q14773,ICAM4
Q14789,GOLGB1
Q14831,GRM7
Q14832,GRM3
Q14833,GRM4
Q14849,STARD3
Q14916,SLC17A1
Q14940,SLC9A5
Q14957,GRIN2C
Q14964,RAB39A
Q14973,SLC10A1
Q14C86,GAPVD1
Q14CZ8,HEPACAM
Q14D04,VEPH1
Q15011,HERPUD1
Q15036,SNX17
Q15041,ARL6IP1
Q15070,OXA1L
Q15075,EEA1
Q15077,P2RY6
Q15078,CDK5R1
Q15109,AGER
Q15116,PDCD1
Q15125,EBP
Q15165,PON2
Q15256,PTPRR
Q15262,PTPRK
Q15286,RAB35
Q15303,ERBB4
Q15311,RALBP1
Q15363,TMED2
Q15382,RHEB
Q15391,P2RY14
Q15436,SEC23A
Q15464,SHB
Q15599,SLC9A3R2
Q15612,OR1Q1
Q15615,OR4D1
Q15619,OR1C1
Q15620,OR8B8
Q15622,OR7A5
Q15629,TRAM1
Q15643,TRIP11
Q15669,RHOH
Q15722,LTB4R
Q15743,GPR68
Q15751,HERC1
Q15760,GPR19
Q15761,NPY5R
Q15768,EFNB3
Q15771,RAB30
Q15785,TOMM34
Q15822,CHRNA2
Q15825,CHRNA6
Q15835,GRK1
Q15842,KCNJ8
Q15849,SLC14A2
Q15858,SCN9A
Q15878,CACNA1E
Q15907,RAB11B
Q16280,CNGA2
Q16281,CNGA3
Q16288,NTRK3
Q16322,KCNA10
Q16348,SLC15A2
Q16394,EXT1
Q16445,GABRA6
Q16478,GRIK5
Q16512,PKN1
Q16558,KCNMB1
Q16572,SLC18A3
Q16581,C3AR1
Q16602,CALCRL
Q16617,NKG7
Q16620,NTRK2
Q16625,OCLN
Q16671,AMHR2
Q16718,NDUFA5
Q16760,DGKD
Q16790,CA9
Q16799,RTN1
Q16819,MEP1A
Q16820,MEP1B
Q16827,PTPRO
Q16832,DDR2
Q16849,PTPRN
Q16853,AOC3
Q16873,LTC4S
Q1EHB4,SLC5A12
Q1HG44,DUOXA2
Q29983,MICA
Q2HXU8,CLEC12B
Q2I0M4,LRRC26
Q2M3G0,ABCB5
Q2QL34,MPV17L
Q2Y0W8,SLC4A8
Q30201,HFE
Q3SYC2,MOGAT2
Q3T906,GNPTAB
Q3ZAQ7,VMA21
Q401N2,ZACN
Q495A1,TIGIT
Q495M3,SLC36A2
Q495T6,MMEL1
Q496F6,CD300E
Q4G0F5,VPS26B
Q4LDE5,SVEP1
Q53F39,MPPE1
Q53FV1,ORMDL2
Q53GQ0,HSD17B12
Q53HI1,UNC50
Q53QZ3,ARHGAP15
Q53TN4,CYBRD1
Q5BKT4,ALG10
Q5DID0,UMODL1
Q5FVE4,ACSBG2
Q5GH77,XKR3
Q5H8A4,PIGG
Q5HYA8,TMEM67
Q5IJ48,CRB2
Q5J8M3,EMC4
Q5JQS5,OR2B11
Q5JRA6,MIA3
Q5JRS4,OR10J3
Q5JTC6,AMER1
Q5KU26,COLEC12
Q5QJU3,ACER2
Q5S007,LRRK2
Q5SQ64,LY6G6F
Q5SRI9,MANEA
Q5SSG8,MUC21
Q5SYB0,FRMPD1
Q5SZK8,FREM2
Q5T0N5,FNBP1L
Q5T2T1,MPP7
Q5T3U5,ABCC10
Q5T442,GJC2
Q5T4F4,ZFYVE27
Q5T5U3,ARHGAP21
Q5T848,GPR158
Q5T9L3,WLS
Q5TAH2,SLC9C2
Q5TCQ9,MAGI3
Q5TEA6,SEL1L2
Q5TGU0,TSPO2
Q5TZ20,OR2G6
Q5UAW9,GPR157
Q5UCC4,EMC10
Q5VIR6,VPS53
Q5VV43,KIAA0319
Q5VW38,GPR107
Q5VWK5,IL23R
Q5XXA6,ANO1
Q643R3,LPCAT4
Q687X5,STEAP4
Q68CJ9,CREB3L3
Q68CP4,HGSNAT
Q68D85,NCR3LG1
Q68DA7,FMN1
Q68DD2,PLA2G4F
Q68DV7,RNF43
Q68EM7,ARHGAP17
Q6AZY7,SCARA3
Q6DD88,ATL3
Q6DWJ6,GPR139
Q6GTX8,LAIR1
Q6H3X3,RAET1G
Q6IAA8,LAMTOR1
Q6IEV9,OR4C11
Q6IEY1,OR4F16
Q6IF00,OR2T2
Q6IF42,OR2A2
Q6IF63,OR52W1
Q6IF82,OR4A47
Q6IFN5,OR7E24
Q6IWH7,ANO7
Q6KCM7,SLC25A25
Q6L9W6,B4GALNT3
Q6NUK1,SLC25A24
Q6NUQ1,RINT1
Q6NV75,GPR153
Q6NXT4,SLC30A6
Q6P0Q8,MAST2
Q6P1A2,LPCAT3
Q6P1K1,SLC48A1
Q6P4F1,FUT10
Q6P4Q7,CNNM4
Q6P5W5,SLC39A4
Q6PIU1,KCNV1
Q6PP77,XKRX
Q6PXP3,SLC2A7
Q6Q0C1,SLC25A47
Q6RW13,AGTRAP
Q6TCH7,PAQR3
Q6U841,SLC4A10
Q6UVK1,CSPG4
Q6UVW9,CLEC2A
Q6UWB1,IL27RA
Q6UWI2,PARM1
Q6UWP7,LCLAT1
Q6UX01,LMBR1L
Q6UX65,DRAM2
Q6UXD5,SEZ6L2
Q6UXG3,CD300LG
Q6UXN8,CLEC9A
Q6UXY1,BAIAP2L2
Q6VVX0,CYP2R1
Q6W5P4,NPSR1
Q6X4W1,NSMF
Q6YHK3,CD109
Q6ZMC9,SIGLEC15
Q6ZMI3,GLDN
Q6ZMZ0,RNF19B
Q6ZNB7,AGMO
Q6ZPD8,DGAT2L6
Q6ZRI0,OTOG
Q6ZVD8,PHLPP2
Q70E73,RAPH1
Q70HW3,SLC25A26
Q70J99,UNC13D
Q70SY1,CREB3L2
Q70Z44,HTR3D
Q717R9,CYS1
Q75V66,ANO5
Q76EJ3,SLC35D2
Q76MJ5,ERN2
Q7KZI7,MARK2
Q7KZN9,COX15
Q7L0Q8,RHOU
Q7L591,DOK3
Q7L5A8,FA2H
Q7L804,RAB11FIP2
Q7LDG7,RASGRP2
Q7RTM1,OTOP1
Q7RTR8,TAS2R42
Q7RTX0,TAS1R3
Q7RTX1,TAS1R1
Q7RTX7,CATSPER4
Q7Z3B4,NUP54
Q7Z3C6,ATG9A
Q7Z3F1,GPR155
Q7Z3T1,OR2W3
Q7Z3T8,ZFYVE16
Q7Z403,TMC6
Q7Z410,TMPRSS9
Q7Z412,PEX26
Q7Z418,KCNK18
Q7Z444,ERAS
Q7Z449,CYP2U1
Q7Z4I7,LIMS2
Q7Z5G4,GOLGA7
Q7Z602,GPR141
Q7Z614,SNX20
Q7Z698,SPRED2
Q7Z699,SPRED1
Q7Z6B0,CCDC91
Q7Z6J2,GRASP
Q7Z7A4,PXK
Q7Z7G2,CPLX4
Q86SK9,SCD5
Q86SM5,MRGPRG
Q86SM8,MRGPRE
Q86SP6,GPR149
Q86SQ0,PHLDB2
Q86SQ9,DHDDS
Q86SU0,ILDR1
Q86TM6,SYVN1
Q86U90,YRDC
Q86UG4,SLCO6A1
Q86UN2,RTN4RL1
Q86UN3,RTN4RL2
Q86UT5,PDZD3
Q86UW1,SLC51A
Q86UW7,CADPS2
Q86V24,ADIPOR2
Q86VB7,CD163
Q86VD9,PIGZ
Q86VZ1,P2RY8
Q86W10,CYP4Z1
Q86W33,TPRA1
Q86W47,KCNMB4
Q86WA9,SLC26A11
Q86WB7,UNC93A
Q86WC4,OSTM1
Q86WG5,SBF2
Q86XP0,PLA2G4D
Q86XQ3,CATSPER3
Q86Y22,COL23A1
Q86Y39,NDUFA11
Q86YR5,GPSM1
Q86YR6,POTED
Q86YS3,RAB11FIP4
Q86YS6,RAB43
Q86YT5,SLC13A5
Q86YW5,TREML1
Q8IU68,TMC8
Q8IU80,TMPRSS6
Q8IU99,CALHM1
Q8IUH5,ZDHHC17
Q8IUH8,SPPL2C
Q8IUK5,PLXDC1
Q8IUQ0,CLVS1
Q8IUW5,RELL1
Q8IV08,PLD3
Q8IV36,HID1
Q8IVB4,SLC9A9
Q8IVI9,NOSTRIN
Q8IVJ1,SLC41A1
Q8IVP5,FUNDC1
Q8IVU1,IGDCC3
Q8IWJ2,GCC2
Q8IWV2,CNTN4
Q8IWX5,SGPP2
Q8IWY4,SCUBE1
Q8IXM6,NRM
Q8IY17,PNPLA6
Q8IY34,SLC15A3
Q8IY49,MMD2
Q8IY95,TMEM192
Q8IYB5,SMAP1
Q8IYJ3,SYTL1
Q8IYR6,TMEFF1
Q8IYT8,ULK2
Q8IZ96,CMTM1
Q8IZJ1,UNC5B
Q8IZJ3,CPAMD8
Q8IZQ1,WDFY3
Q8IZR5,CMTM4
Q8IZS7,CLECL1
Q8IZV2,CMTM8
Q8IZY2,ABCA7
Q8J025,APCDD1
Q8N0W4,NLGN4X
Q8N0Y3,OR4N4
Q8N0Y5,OR8I2
Q8N114,SHISA5
Q8N127,OR5AS1
Q8N130,SLC34A3
Q8N144,GJD3
Q8N146,OR8H3
Q8N148,OR6V1
Q8N158,GPC2
Q8N1B4,VPS52
Q8N1C3,GABRG1
Q8N1I0,DOCK4
Q8N1M1,BEST3
Q8N2H4,SYS1
Q8N349,OR2L13
Q8N357,SLC35F6
Q8N3J6,CADM2
Q8N3R9,MPP5
Q8N441,FGFRL1
Q8N442,GUF1
Q8N490,PNKD
Q8N4S9,MARVELD2
Q8N4V1,MMGT1
Q8N608,DPP10
Q8N628,OR2C3
Q8N682,DRAM1
Q8N6F1,CLDN19
Q8N6H7,ARFGAP2
Q8N6M3,FITM2
Q8N6P7,IL22RA1
Q8N6Q3,CD177
Q8N6U8,GPR161
Q8N766,EMC1
Q8N7J2,AMER2
Q8N8Q8,COX18
Q8N9A8,CNEP1R1
Q8NAC3,IL17RC
Q8NB49,ATP11C
Q8NBI2,CYB561A3
Q8NBI6,XXYLT1
Q8NBJ4,GOLM1
Q8NBJ9,SIDT2
Q8NBR0,TP53I13
Q8NBS3,SLC4A11
Q8NC56,LEMD2
Q8NC60,NOA1
Q8NCG5,CHST4
Q8NCG7,DAGLB
Q8NCM2,KCNH5
Q8ND25,ZNRF1
Q8ND76,CCNY
Q8NDV2,GPR26
Q8NE86,MCU
Q8NEC5,CATSPER1
Q8NER5,ACVR1C
Q8NET8,TRPV3
Q8NEU8,APPL2
Q8NEW0,SLC30A7
Q8NEZ2,VPS37A
Q8NFA2,NOXO1
Q8NFF2,SLC24A4
Q8NFH5,NUP35
Q8NFJ5,GPRC5A
Q8NFM4,ADCY4
Q8NFM7,IL17RD
Q8NFN8,GPR156
Q8NFP4,MDGA1
Q8NFT2,STEAP2
Q8NFT8,DNER
Q8NFU0,BEST4
Q8NFU1,BEST2
Q8NFX7,STXBP6
Q8NFY4,SEMA6D
Q8NG77,OR2T12
Q8NG92,OR13H1
Q8NG95,OR7G3
Q8NG97,OR2Z1
Q8NG98,OR7D4
Q8NGA1,OR1M1
Q8NGA8,OR4F17
Q8NGB2,OR4C5
Q8NGB4,OR4S1
Q8NGB9,OR4F6
Q8NGC1,OR11G2
Q8NGC2,OR4E2
Q8NGC4,OR10G3
Q8NGC7,OR11H6
Q8NGC9,OR11H4
Q8NGD0,OR4M1
Q8NGD2,OR4K2
Q8NGD3,OR4K5
Q8NGD4,OR4K1
Q8NGD5,OR4K14
Q8NGE0,OR10AD1
Q8NGE2,OR2AP1
Q8NGE3,OR10P1
Q8NGE5,OR10A7
Q8NGE7,OR9K2
Q8NGE8,OR4D9
Q8NGE9,OR9Q2
Q8NGF0,OR52B6
Q8NGF3,OR51D1
Q8NGF4,OR5AP2
Q8NGF6,OR10W1
Q8NGF7,OR5B17
Q8NGF8,OR4B1
Q8NGG2,OR5T2
Q8NGG3,OR5T3
Q8NGG5,OR8K1
Q8NGH3,OR2D3
Q8NGH5,OR56A1
Q8NGH7,OR52L1
Q8NGH9,OR52E4
Q8NGI2,OR52N4
Q8NGI3,OR56B1
Q8NGI7,OR10V1
Q8NGI8,OR5AN1
Q8NGI9,OR5A2
Q8NGJ0,OR5A1
Q8NGJ1,OR4D6
Q8NGJ4,OR52E2
Q8NGJ5,OR51L1
Q8NGJ7,OR51A2
Q8NGJ8,OR51S1
Q8NGJ9,OR51T1
Q8NGK0,OR51G2
Q8NGK4,OR52K1
Q8NGK5,OR52M1
Q8NGK9,OR5D16
Q8NGL3,OR5D14
Q8NGL6,OR4A15
Q8NGL7,OR4P4
Q8NGM8,OR6M1
Q8NGM9,OR8D4
Q8NGN0,OR4D5
Q8NGN1,OR6T1
Q8NGN3,OR10G4
Q8NGP2,OR8J1
Q8NGP3,OR5M9
Q8NGP6,OR5M8
Q8NGQ1,OR9G4
Q8NGQ2,OR6Q1
Q8NGQ3,OR1S2
Q8NGQ4,OR10Q1
Q8NGQ6,OR9I1
Q8NGR2,OR1L6
Q8NGR3,OR1K1
Q8NGR4,OR5C1
Q8NGR8,OR1L8
Q8NGS0,OR1N1
Q8NGS3,OR1J1
Q8NGS4,OR13F1
Q8NGS6,OR13C3
Q8NGS7,OR13C8
Q8NGT0,OR13C9
Q8NGT1,OR2K2
Q8NGT2,OR13J1
Q8NGT5,OR9A2
Q8NGU9,GPR150
Q8NGV0,OR2Y1
Q8NGV5,OR13D1
Q8NGW1,OR6B3
Q8NGW6,OR6K6
Q8NGX0,OR11L1
Q8NGX1,OR2T34
Q8NGX3,OR10T2
Q8NGX5,OR10K1
Q8NGX6,OR10R2
Q8NGX8,OR6Y1
Q8NGX9,OR6P1
Q8NGY1,OR10Z1
Q8NGY2,OR6K2
Q8NGY3,OR6K3
Q8NGY5,OR6N1
Q8NGY6,OR6N2
Q8NGZ0,OR2AJ1
Q8NGZ2,OR14K1
Q8NGZ3,OR13G1
Q8NGZ4,OR2G3
Q8NGZ5,OR2G2
Q8NGZ6,OR6F1
Q8NH00,OR2T4
Q8NH04,OR2T27
Q8NH05,OR4Q3
Q8NH09,OR8S1
Q8NH10,OR8U1
Q8NH18,OR5J2
Q8NH19,OR10AG1
Q8NH37,OR4C3
Q8NH40,OR6S1
Q8NH41,OR4K15
Q8NH42,OR4K13
Q8NH43,OR4L1
Q8NH49,OR4X1
Q8NH51,OR8K3
Q8NH56,OR52N5
Q8NH59,OR51Q1
Q8NH60,OR52J3
Q8NH64,OR51A7
Q8NH67,OR52I2
Q8NH69,OR5W2
Q8NH70,OR4A16
Q8NH72,OR4C6
Q8NH73,OR4S2
Q8NH76,OR56B4
Q8NH79,OR6X1
Q8NH87,OR9G1
Q8NH90,OR5AK2
Q8NH94,OR1L1
Q8NHA4,OR2AE1
Q8NHB8,OR5K2
Q8NHC5,OR14A16
Q8NHC7,OR14C36
Q8NHG8,ZNRF2
Q8NHH9,ATL2
Q8NHJ6,LILRB4
Q8NHL6,LILRB1
Q8NHS3,MFSD8
Q8NHU3,SGMS2
Q8TAC9,SCAMP5
Q8TAD4,SLC30A5
Q8TAE7,KCNG3
Q8TAI7,RHEBL1
Q8TAZ6,CMTM2
Q8TB36,GDAP1
Q8TB61,SLC35B2
Q8TB92,HMGCLL1
Q8TC12,RDH11
Q8TCB6,OR51E1
Q8TCJ2,STT3B
Q8TCQ1,1-Mar
Q8TCS8,PNPT1
Q8TCT0,CERK
Q8TCW9,PROKR1
Q8TCZ2,CD99L2
Q8TD07,RAET1E
Q8TD43,TRPM4
Q8TD46,CD200R1
Q8TDB8,SLC2A14
Q8TDJ6,DMXL2
Q8TDM5,SPACA4
Q8TDM6,DLG5
Q8TDN1,KCNG4
Q8TDN2,KCNV2
Q8TDS4,HCAR2
Q8TDS5,OXER1
Q8TDS7,MRGPRD
Q8TDT2,GPR152
Q8TDU9,RXFP4
Q8TDV0,GPR151
Q8TDV2,GPR148
Q8TDV5,GPR119
Q8TE23,TAS1R2
Q8TE54,SLC26A7
Q8TEB9,RHBDD1
Q8TEM1,NUP210
Q8TEY5,CREB3L4
Q8TEZ7,PAQR8
Q8WTQ7,GRK7
Q8WTV0,SCARB1
Q8WTW3,COG1
Q8WU17,RNF139
Q8WUD6,CHPT1
Q8WUG5,SLC22A17
Q8WUM9,SLC20A1
Q8WV92,MITD1
Q8WVH0,CPLX3
Q8WVQ1,CANT1
Q8WWA0,ITLN1
Q8WWA1,TMEM40
Q8WWG9,KCNE4
Q8WWI5,SLC44A1
Q8WWQ8,STAB2
Q8WWR8,NEU4
Q8WWT9,SLC13A3
Q8WWY8,LIPH
Q8WXD0,RXFP2
Q8WXF7,ATL1
Q8WXG1,RSAD2
Q8WXG6,MADD
Q8WXI2,CNKSR2
Q8WY07,SLC7A3
Q8WY21,SORCS1
Q8WY64,MYLIP
Q8WZ73,RFFL
Q8WZ92,OR5P2
Q8WZ94,OR5P3
Q92482,AQP3
Q92508,PIEZO1
Q92521,PIGB
Q92523,CPT1B
Q92536,SLC7A6
Q92543,SNX19
Q92572,AP3S1
Q92574,TSC1
Q92575,UBXN4
Q92581,SLC9A6
Q92604,LPGAT1
Q92608,DOCK2
Q92611,EDEM1
Q92629,SGCD
Q92633,LPAR1
Q92637,FCGR1B
Q92643,PIGK
Q92729,PTPRU
Q92730,RND1
Q92736,RYR2
Q92737,RASL10A
Q92781,RDH5
Q92783,STAM
Q92797,SYMPK
Q92805,GOLGA1
Q92806,KCNJ9
Q92824,PCSK5
Q92835,INPP5D
Q92838,EDA
Q92843,BCL2L2
Q92847,GHSR
Q92854,SEMA4D
Q92859,NEO1
Q92896,GLG1
Q92911,SLC5A5
Q92959,SLCO2A1
Q92982,NINJ1
Q93038,TNFRSF25
Q93045,STMN2
Q93050,ATP6V0A1
Q93063,EXT2
Q93070,ART4
Q93084,ATP2A3
Q93086,P2RX5
Q93100,PHKB
Q969E2,SCAMP4
Q969F8,KISS1R
Q969I6,SLC38A4
Q969M3,YIPF5
Q969N2,PIGT
Q969R2,OSBP2
Q969S0,SLC35B4
Q969T3,SNX21
Q969V1,MCHR2
Q969V5,MUL1
Q969X5,ERGIC1
Q969Z3,2-Mar
Q9P0N8,2-Mar
Q969Z4,RELT
Q96A28,SLAMF9
Q96A29,SLC35C1
Q96A46,SLC25A28
Q96A54,ADIPOR1
Q96AD5,PNPLA2
Q96AM1,MRGPRF
Q96AW1,VOPP1
Q96AX1,VPS33A
Q96B42,TMEM18
Q96B97,SH3KBP1
Q96BD0,SLCO4A1
Q96BF3,TMIGD2
Q96BI3,APH1A
Q96CC6,RHBDF1
Q96CH1,GPR146
Q96CS7,PLEKHB2
Q96CW1,AP2M1
Q96D96,HVCN1
Q96DA2,RAB39B
Q96DS6,MS4A6E
Q96DZ9,CMTM5
Q96E17,RAB3C
Q96E22,NUS1
Q96E35,ZMYND19
Q96E93,KLRG1
Q96EK6,GNPNAT1
Q96EV8,DTNBP1
Q96FL8,SLC47A1
Q96FZ5,CMTM7
Q96FZ7,CHMP6
Q96G91,P2RY11
Q96GC9,VMP1
Q96GD0,PDXP
Q96GF1,RNF185
Q96GW7,BCAN
Q96GZ6,SLC41A3
Q96H72,SLC39A13
Q96HA9,PEX11G
Q96HD9,ACY3
Q96HU8,DIRAS2
Q96IZ2,ADTRP
Q96J66,ABCC11
Q96JA1,LRIG1
Q96JA3,PLEKHA8
Q96JB2,COG3
Q96JC1,VPS39
Q96JQ5,MS4A4A
Q96JW4,SLC41A2
Q96KC8,DNAJC1
Q96KG7,MEGF10
Q96KK3,KCNS1
Q96KK4,OR10C1
Q96L33,RHOV
Q96L42,KCNH8
Q96L58,B3GALT6
Q96L94,SNX22
Q96LA5,FCRL2
Q96LA6,FCRL1
Q96LB1,MRGPRX2
Q96LB2,MRGPRX1
Q96LC7,SIGLEC10
Q96MF6,COQ10A
Q96MX0,CMTM3
Q96N16,JAKMIP1
Q96NE9,FRMD6
Q96NL1,TMEM74
Q96NR3,PTCHD1
Q96P31,FCRL3
Q96P48,ARAP1
Q96P65,QRFPR
Q96P66,GPR101
Q96P67,GPR82
Q96P68,OXGR1
Q96P69,GPR78
Q96PC3,AP1S3
Q96PD2,DCBLD2
Q96PD7,DGAT2
Q96PE5,OPALIN
Q96PJ5,FCRL4
Q96PL2,TECTB
Q96PL5,ERMAP
Q96PN6,ADCY10
Q96PP8,GBP5
Q96PR1,KCNC2
Q96PS8,AQP10
Q96QD8,SLC38A2
Q96QE2,SLC2A13
Q96QK1,VPS35
Q96QZ7,MAGI1
Q96R08,OR5B12
Q96R28,OR2M2
Q96R30,OR2V2
Q96R54,OR14A2
Q96R67,OR4C12
Q96RC9,OR8B4
Q96RD1,OR6C1
Q96RD3,OR52E6
Q96RD9,FCRL5
Q96RF0,SNX18
Q96RI0,F2RL3
Q96RI8,TAAR6
Q96RJ0,TAAR1
Q96RL6,SIGLEC11
Q96RN1,SLC26A8
Q96RQ1,ERGIC2
Q96RU3,FNBP1
Q96S06,LMF1
Q96S21,RAB40C
Q96S37,SLC22A12
Q96S52,PIGS
Q96S79,RASL10B
Q96SQ9,CYP2S1
Q96T51,RUFY1
Q96T54,KCNK17
Q96T55,KCNK16
Q96T83,SLC9A7
Q99075,HBEGF
Q99437,ATP6V0B
Q99466,NOTCH4
Q99467,CD180
Q99500,S1PR3
Q99519,NEU1
Q99523,SORT1
Q99536,VAT1
Q99541,PLIN2
Q99569,PKP4
Q99571,P2RX4
Q99572,P2RX7
Q99640,PKMYT1
Q99643,SDHC
Q99665,IL12RB2
Q99677,LPAR4
Q99678,GPR20
Q99679,GPR21
Q99680,GPR22
Q99705,MCHR1
Q99706,KIR2DL4
Q99712,KCNJ15
Q99732,LITAF
Q99788,CMKLR1
Q99795,GPA33
Q99807,COQ7
Q99808,SLC29A1
Q99816,TSG101
Q99828,CIB1
Q99835,SMO
Q99884,SLC6A7
Q99928,GABRG3
Q99941,ATF6B
Q99942,RNF5
Q99962,SH3GL2
Q99965,ADAM2
Q9BPV8,P2RY13
Q9BPZ7,MAPKAP1
Q9BQ31,KCNS3
Q9BQ51,PDCD1LG2
Q9BQB6,VKORC1
Q9BQI0,AIF1L
Q9BQI5,SGIP1
Q9BQL6,FERMT1
Q9BQQ3,GORASP1
Q9BQT8,SLC25A21
Q9BRI3,SLC30A2
Q9BRK3,MXRA8
Q9BRL7,SEC22C
Q9BRT3,MIEN1
Q9BRV3,SLC50A1
Q9BSJ8,ESYT1
Q9BSK2,SLC25A33
Q9BSN7,TMEM204
Q9BSR8,YIPF4
Q9BT67,NDFIP1
Q9BTT6,LRRC1
Q9BTV4,TMEM43
Q9BUB7,TMEM70
Q9BUF7,CRB3
Q9BUM1,G6PC3
Q9BUN8,DERL1
Q9BUZ4,TRAF4
Q9BV35,SLC25A23
Q9BV57,ADI1
Q9BV81,EMC6
Q9BVI4,NOC4L
Q9BVK6,TMED9
Q9BVK8,TMEM147
Q9BVX2,TMEM106C
Q9BW60,ELOVL1
Q9BWM7,SFXN3
Q9BWV1,BOC
Q9BX74,TM2D1
Q9BX84,TRPM6
Q9BX95,SGPP1
Q9BXA5,SUCNR1
Q9BXB1,LGR4
Q9BXC0,HCAR1
Q9BXC1,GPR174
Q9BXF6,RAB11FIP5
Q9BXI2,SLC25A2
Q9BXN2,CLEC7A
Q9BXP2,SLC12A9
Q9BXS4,TMEM59
Q9BXS9,SLC26A6
Q9BXW4,MAP1LC3C
Q9BY07,SLC4A5
Q9BY08,EBPL
Q9BY19,MS4A8
Q9BY67,CADM1
Q9BYE9,CDHR2
Q9BZ11,ADAM33
Q9BZ72,PITPNM2
Q9BZC7,ABCA2
Q9BZD2,SLC29A3
Q9BZD6,PRRG4
Q9BZD7,PRRG3
Q9BZJ4,SLC25A39
Q9BZJ6,GPR63
Q9BZJ7,GPR62
Q9BZM6,ULBP1
Q9BZR6,RTN4R
Q9BZW2,SLC13A1
Q9BZZ2,SIGLEC1
Q9C004,SPRY4
Q9C0H2,TTYH3
Q9GZK3,OR2B2
Q9GZK4,OR2H1
Q9GZK7,OR11A1
Q9GZM5,YIPF3
Q9GZN0,GPR88
Q9GZN6,SLC6A16
Q9GZP7,VN1R1
Q9GZP9,DERL2
Q9GZQ4,NMUR2
Q9GZQ6,NPFFR1
Q9GZQ8,MAP1LC3B
Q9GZR5,ELOVL4
Q9GZU1,MCOLN1
Q9GZV3,SLC5A7
Q9GZW8,MS4A7
Q9GZZ7,GFRA4
Q9H013,ADAM19
Q9H0C2,SLC25A31
Q9H0F7,ARL6
Q9H0R1,AP5M1
Q9H0T7,RAB17
Q9H0U3,MAGT1
Q9H0U4,RAB1B
Q9H0V9,LMAN2L
Q9H159,CDH19
Q9H1C0,LPAR5
Q9H1N7,SLC35B3
Q9H1R2,DUSP15
Q9H1Y3,OPN3
Q9H204,MED28
Q9H205,OR2AG1
Q9H207,OR10A5
Q9H210,OR2D2
Q9H223,EHD4
Q9H228,S1PR5
Q9H244,P2RY12
Q9H252,KCNH6
Q9H255,OR51E2
Q9H267,VPS33B
Q9H269,VPS16
Q9H295,DCSTAMP
Q9H2C5,OR52A5
Q9H2C8,OR51V1
Q9H2D1,SLC25A32
Q9H2E6,SEMA6A
Q9H2F3,HSD3B7
Q9H2H9,SLC38A1
Q9H2K8,TAOK3
Q9H2S1,KCNN2
Q9H2U9,ADAM7
Q9H2V7,SPNS1
Q9H2W1,MS4A6A
Q9H2X9,SLC12A5
Q9H2Y9,SLCO5A1
Q9H300,PARL
Q9H310,RHBG
Q9H339,OR51B5
Q9H340,OR51B6
Q9H341,OR51M1
Q9H343,OR51I1
Q9H344,OR51I2
Q9H346,OR52D1
Q9H3E2,SNX25
Q9H3H5,DPAGT1
Q9H3K2,GHITM
Q9H3M0,KCNF1
Q9H3N8,HRH4
Q9H3P7,ACBD3
Q9H3Q1,CDC42EP4
Q9H3S5,PIGM
Q9H3T2,SEMA6C
Q9H3T3,SEMA6B
Q9H3V2,MS4A5
Q9H427,KCNK15
Q9H461,FZD8
Q9H4A5,GOLPH3L
Q9H4A6,GOLPH3
Q9H4E5,RHOJ
Q9H4G4,GLIPR2
Q9H596,DUSP21
Q9H5J4,ELOVL6
Q9H665,IGFLR1
Q9H6F2,TMEM38A
Q9H6R6,ZDHHC6
Q9H6X2,ANTXR1
Q9H8M1,COQ10B
Q9H8T0,AKTIP
Q9H8Y8,GORASP2
Q9H902,REEP1
Q9H903,MTHFD2L
Q9H9E3,COG4
Q9H9H4,VPS37B
Q9H9S5,FKRP
Q9HB03,ELOVL3
Q9HB20,PLEKHA3
Q9HB21,PLEKHA1
Q9HB29,IL1RL2
Q9HB55,CYP3A43
Q9HB89,NMUR1
Q9HBE5,IL21R
Q9HBG4,ATP6V0A4
Q9HBG7,LY9
Q9HBH0,RHOF
Q9HBL7,PLGRKT
Q9HBM0,VEZT
Q9HBT6,CDH20
Q9HBW0,LPAR2
Q9HBW1,LRRC4
Q9HBX8,LGR6
Q9HBX9,RXFP1
Q9HC21,SLC25A19
Q9HC24,TMBIM4
Q9HC58,SLC24A3
Q9HC62,SENP2
Q9HC97,GPR35
Q9HCC8,GDPD2
Q9HCE7,SMURF1
Q9HCF6,TRPM3
Q9HCJ2,LRRC4C
Q9HCU4,CELSR2
Q9HD26,GOPC
Q9HDC9,APMAP
Q9NP58,ABCB6
Q9NP59,SLC40A1
Q9NP60,IL1RAPL2
Q9NP61,ARFGAP3
Q9NP72,RAB18
Q9NP78,ABCB9
Q9NP84,TNFRSF12A
Q9NP90,RAB9B
Q9NP94,SLC39A2
Q9NPA0,EMC7
Q9NPA1,KCNMB3
Q9NPA2,MMP25
Q9NPB3,CABP2
Q9NPD5,SLCO1B3
Q9NPG1,FZD3
Q9NPG4,PCDH12
Q9NPH3,IL1RAP
Q9NPH5,NOX4
Q9NPI0,TMEM138
Q9NPI9,KCNJ16
Q9NPR2,SEMA4B
Q9NPY3,CD93
Q9NPZ5,B3GAT2
Q9NQ25,SLAMF7
Q9NQ40,SLC52A3
Q9NQ84,GPRC5C
Q9NQA5,TRPV5
Q9NQC3,RTN4
Q9NQC7,CYLD
Q9NQN1,OR2S2
Q9NQR9,G6PC2
Q9NQS1,AVEN
Q9NQS5,GPR84
Q9NQW1,SEC31B
Q9NQW8,CNGB3
Q9NQX7,ITM2C
Q9NR22,PRMT8
Q9NR34,MAN1C1
Q9NR71,ASAH2
Q9NR80,ARHGEF4
Q9NR82,KCNQ5
Q9NRA2,SLC17A5
Q9NRD9,DUOX1
Q9NRK6,ABCB10
Q9NRM0,SLC2A9
Q9NRM6,IL17RB
Q9NRR3,CDC42SE2
Q9NRR6,INPP5E
Q9NRW1,RAB6B
Q9NRX6,TMEM167B
Q9NRZ7,AGPAT3
Q9NS40,KCNH7
Q9NS75,CYSLTR2
Q9NS93,TM7SF3
Q9NSA0,SLC22A11
Q9NSA2,KCND1
Q9NSD5,SLC6A13
Q9NSD7,RXFP3
Q9NST1,PNPLA3
Q9NTI2,ATP8A2
Q9NTN3,SLC35D1
Q9NTN9,SEMA4G
Q9NTQ9,GJB4
Q9NUD9,PIGV
Q9NUN5,LMBRD1
Q9NUN7,ACER3
Q9NUS5,AP5S1
Q9NUT2,ABCB8
Q9NV92,NDFIP2
Q9NVD7,PARVA
Q9NWF4,SLC52A1
Q9NWW5,CLN6
Q9NX52,RHBDL2
Q9NX62,IMPAD1
Q9NX63,CHCHD3
Q9NX76,CMTM6
Q9NXB9,ELOVL2
Q9NXF1,TEX10
Q9NXG6,P4HTM
Q9NXJ0,MS4A12
Q9NXS2,QPCTL
Q9NY26,SLC39A1
Q9NY59,SMPD3
Q9NY72,SCN3B
Q9NY99,SNTG2
Q9NYA4,MTMR4
Q9NYB5,SLCO1C1
Q9NYJ8,TAB2
Q9NYL5,CYP39A1
Q9NYM4,GPR83
Q9NYP7,ELOVL5
Q9NYQ6,CELSR1
Q9NYQ7,CELSR3
Q9NYT0,PLEK2
Q9NYV7,TAS2R16
Q9NYV9,TAS2R13
Q9NYW0,TAS2R10
Q9NYW1,TAS2R9
Q9NYW2,TAS2R8
Q9NYW3,TAS2R7
Q9NYW4,TAS2R5
Q9NYW5,TAS2R4
Q9NYW6,TAS2R3
Q9NYW7,TAS2R1
Q9NYZ4,SIGLEC8
Q9NZ01,TECR
Q9NZ42,PSENEN
Q9NZ52,GGA3
Q9NZB2,FAM120A
Q9NZD1,GPRC5D
Q9NZD8,SPG21
Q9NZG7,NINJ2
Q9NZH0,GPRC5B
Q9NZJ0,DTL
Q9NZJ5,EIF2AK3
Q9NZM1,MYOF
Q9NZN1,IL1RAPL1
Q9NZN4,EHD2
Q9NZP2,OR6C2
Q9NZP5,OR5AC2
Q9NZQ7,CD274
Q9NZS9,BFAR
Q9NZU7,CABP1
Q9NZV1,CRIM1
Q9NZV8,KCND2
Q9P0I2,EMC3
Q9P0K1,ADAM22
Q9P0L2,MARK1
Q9P0T7,TMEM9
Q9P0V8,SLAMF8
Q9P0X4,CACNA1I
Q9P1P5,TAAR2
Q9P1Q5,OR1A1
Q9P1Z3,HCN3
Q9P241,ATP10D
Q9P253,VPS18
Q9P296,C5AR2
Q9P2D0,IBTK
Q9P2R3,ANKFY1
Q9P2W3,GNG13
Q9P2W7,B3GAT1
Q9P2X0,DPM3
Q9UBD6,RHCG
Q9UBF8,PI4KB
Q9UBG0,MRC2
Q9UBI6,GNG12
Q9UBJ2,ABCD2
Q9UBK5,HCST
Q9UBL9,P2RX2
Q9UBM7,DHCR7
Q9UBN4,TRPC4
Q9UBN6,TNFRSF10D
Q9UBQ0,VPS29
Q9UBS5,GABBR1
Q9UBT7,CTNNAL1
Q9UBV2,SEL1L
Q9UBV7,B4GALT7
Q9UBV8,PEF1
Q9UBX3,SLC25A10
Q9UBY0,SLC9A2
Q9UBY5,LPAR3
Q9UBY8,CLN8
Q9UDY2,TJP2
Q9UEF7,KL
Q9UEY8,ADD3
Q9UF47,DNAJC5B
Q9UGC6,RGS17
Q9UGF5,OR14J1
Q9UGF6,OR5V1
Q9UGH3,SLC23A2
Q9UGI6,KCNN3
Q9UGP8,SEC63
Q9UH99,SUN2
Q9UHA4,LAMTOR3
Q9UHC9,NPC1L1
Q9UHI5,SLC7A8
Q9UHI7,SLC23A1
Q9UHM6,OPN4
Q9UHP7,CLEC2D
Q9UI09,NDUFA12
Q9UI40,SLC24A2
Q9UIB8,CD84
Q9UIG8,SLCO3A1
Q9UIL1,SCOC
Q9UIQ6,LNPEP
Q9UIX4,KCNG1
Q9UJ42,GPR160
Q9UJ68,MSRA
Q9UJ71,CD207
Q9UJ96,KCNG2
Q9UJA2,CRLS1
Q9UJM3,ERRFI1
Q9UJQ1,LAMP5
Q9UJY4,GGA2
Q9UJY5,GGA1
Q9UJZ1,STOML2
Q9UK08,GNG8
Q9UK17,KCND3
Q9UK22,FBXO2
Q9UK23,NAGPA
Q9UK41,VPS28
Q9UKC9,FBXL2
Q9UKF2,ADAM30
Q9UKF5,ADAM29
Q9UKG1,APPL1
Q9UKG4,SLC13A4
Q9UKI2,CDC42EP3
Q9UKJ8,ADAM21
Q9UKL4,GJD2
Q9UKM7,MAN1B1
Q9UKP6,UTS2R
Q9UKQ2,ADAM28
Q9UKS6,PACSIN3
Q9UKU6,TRHDE
Q9UKV5,AMFR
Q9UKX5,ITGA11
Q9UKX7,NUP50
Q9UKY4,POMT2
Q9UL45,BLOC1S6
Q9UL51,HCN2
Q9UL62,TRPC5
Q9ULB5,CDH7
Q9ULC0,EMCN
Q9ULC3,RAB23
Q9ULD8,KCNH3
Q9ULH4,LRFN2
Q9ULL4,PLXNB3
Q9ULQ1,TPCN1
Q9ULT6,ZNRF3
Q9ULU8,CADPS
Q9ULW5,RAB26
Q9ULZ9,MMP17
Q9UM00,TMCO1
Q9UM47,NOTCH3
Q9UM54,MYO6
Q9UM73,ALK
Q9UMD9,COL17A1
Q9UMF0,ICAM5
Q9UMR2,DDX19B
Q9UMX9,SLC45A2
Q9UMY4,SNX12
Q9UN19,DAPP1
Q9UN76,SLC6A14
Q9UNG2,TNFSF18
Q9UNH6,SNX7
Q9UNH7,SNX6
Q9UNL2,SSR3
Q9UNN8,PROCR
Q9UNQ0,ABCG2
Q9UNX9,KCNJ14
Q9UP38,FZD1
Q9UP52,TFR2
Q9UP65,PLA2G4C
Q9UP83,COG5
Q9UP95,SLC12A4
Q9UPI3,FLVCR2
Q9UPR5,SLC8A2
Q9UPU3,SORCS3
Q9UPY5,SLC7A11
Q9UPZ6,THSD7A
Q9UQ05,KCNH4
Q9UQ49,NEU3
Q9UQ90,SPG7
Q9UQB8,BAIAP2
Q9UQC9,CLCA2
Q9UQQ1,NAALADL1
Q9UQV4,LAMP3
Q9Y219,JAG2
Q9Y251,HPSE
Q9Y271,CYSLTR1
Q9Y272,RASD1
Q9Y275,TNFSF13B
Q9Y282,ERGIC3
Q9Y287,ITM2B
Q9Y289,SLC5A6
Q9Y2D2,SLC35A3
Q9Y2E8,SLC9A8
Q9Y2G3,ATP11B
Q9Y2H9,MAST1
Q9Y2I9,TBC1D30
Q9Y2P5,SLC27A5
Q9Y2Q5,LAMTOR2
Q9Y2T5,GPR52
Q9Y2T6,GPR55
Q9Y2U8,LEMD3
Q9Y342,PLLP
Q9Y343,SNX24
Q9Y345,SLC6A5
Q9Y371,SH3GLB1
Q9Y397,ZDHHC9
Q9Y3A0,COQ4
Q9Y3A3,MOB4
Q9Y3A6,TMED5
Q9Y3B3,TMED7
Q9Y3D7,PAM16
Q9Y3E0,GOLT1B
Q9Y3E7,CHMP3
Q9Y3M8,STARD13
Q9Y3N9,OR2W1
Q9Y3P8,SIT1
Q9Y3Q3,TMED3
Q9Y3Q4,HCN4
Q9Y3Q7,ADAM18
Q9Y487,ATP6V0A2
Q9Y4A9,OR10H1
Q9Y4D2,DAGLA
Q9Y4G6,TLN2
Q9Y4P8,WIPI2
Q9Y4W6,AFG3L2
Q9Y512,SAMM50
Q9Y561,LRP12
Q9Y5I7,CLDN16
Q9Y5J5,PHLDA3
Q9Y5J6,TIMM10B
Q9Y5L4,TIMM13
Q9Y5N1,HRH3
Q9Y5P0,OR51B4
Q9Y5Q5,CORIN
Q9Y5R2,MMP24
Q9Y5S2,CDC42BPB
Q9Y5S8,NOX1
Q9Y5U5,TNFRSF18
Q9Y5U8,MPC1
Q9Y5U9,IER3IP1
Q9Y5W8,SNX13
Q9Y5X0,SNX10
Q9Y5X1,SNX9
Q9Y5X2,SNX8
Q9Y5X3,SNX5
Q9Y5X5,NPFFR2
Q9Y5Y3,GPR45
Q9Y5Y5,PEX16
Q9Y5Y7,LYVE1
Q9Y5Z0,BACE2
Q9Y5Z9,UBIAD1
Q9Y624,F11R
Q9Y625,GPC6
Q9Y678,COPG1
Q9Y691,KCNMB2
Q9Y694,SLC22A7
Q9Y698,CACNG2
Q9Y6A1,POMT1
Q9Y6C5,PTCH2
Q9Y6H6,KCNE3
Q9Y6H8,GJA3
Q9Y6J6,KCNE2
Q9Y6M7,SLC4A7
Q9Y6M9,NDUFB9
Q9Y6Q5,AP1M2
Q9Y6R1,SLC4A4
Q9Y6Y8,SEC23IP
